<?xml version="1.0" encoding="UTF-8" standalone="yes"?>
<PcGts xmlns="http://schema.primaresearch.org/PAGE/gts/pagecontent/2013-07-15" xmlns:xsi="http://www.w3.org/2001/XMLSchema-instance" xsi:schemaLocation="http://schema.primaresearch.org/PAGE/gts/pagecontent/2013-07-15 http://schema.primaresearch.org/PAGE/gts/pagecontent/2013-07-15/pagecontent.xsd">
    <Metadata>
        <Creator>Transkribus</Creator>
        <Created>2025-03-07T14:45:05.415+01:00</Created>
        <LastChange>2025-03-07T15:43:22.812+01:00</LastChange>
        <TranskribusMetadata docId="7287891" pageId="93120271" pageNr="4" tsid="233831332" status="IN_PROGRESS" userId="19940" imgUrl="https://files.transkribus.eu/Get?id=NDBJSBDTZBLCHZBSYKUTXFIC&amp;fileType=view" xmlUrl="https://files.transkribus.eu/Get?id=FBZSRVUVMDCNPHMDRAFZBIVE" imageId="77854999"/>
    </Metadata>
    <Page imageFilename="00006.jpg" imageWidth="2201" imageHeight="2796"/>
</PcGts>
