<?xml version="1.0" encoding="UTF-8" standalone="yes"?>
<trpDocMetadata>
    <docId>7287891</docId>
    <title>lassberg-letter-3268</title>
    <uploadTimestamp>1741357639915</uploadTimestamp>
    <uploader>michael.schonhardt@googlemail.com</uploader>
    <uploaderId>19940</uploaderId>
    <nrOfPages>4</nrOfPages>
    <pageId>93120250</pageId>
    <url>https://files.transkribus.eu/Get?fileType=view&amp;id=XTSXLZGWFRUPBEMOVCYRJTLI</url>
    <thumbUrl>https://files.transkribus.eu/Get?fileType=thumb&amp;id=XTSXLZGWFRUPBEMOVCYRJTLI</thumbUrl>
    <externalId>https://digital.blb-karlsruhe.de/i3f/v20/8042930/manifest</externalId>
    <authority>NA</authority>
    <status>0</status>
    <fimgStoreColl>TrpDoc_DEA_7287151</fimgStoreColl>
    <origDocId>7287151</origDocId>
    <collectionList>
        <colList>
            <colId>36479</colId>
            <colName>Lassberg</colName>
            <description>created by michael.schonhardt@googlemail.com</description>
            <crowdsourcing>false</crowdsourcing>
            <elearning>false</elearning>
            <nrOfDocuments>0</nrOfDocuments>
            <isFavorite>false</isFavorite>
        </colList>
    </collectionList>
    <mainColId>36479</mainColId>
</trpDocMetadata>
