<?xml version="1.0" encoding="UTF-8" standalone="yes"?>
<ns3:mets xmlns:ns2="http://www.w3.org/1999/xlink" xmlns:ns3="http://www.loc.gov/METS/" xmlns:xsi="http://www.w3.org/2001/XMLSchema-instance" OBJID="7287891" LABEL="lassberg-letter-3268" PROFILE="TRP_V1" xsi:schemaLocation="http://www.loc.gov/METS/ http://www.loc.gov/standards/mets/mets.xsd">
    <ns3:metsHdr CREATEDATE="2025-03-18T13:43:12.302+01:00" LASTMODDATE="2025-03-18T13:43:12.302+01:00" RECORDSTATUS="SUBMITTED">
        <ns3:agent ROLE="CREATOR" TYPE="ORGANIZATION">
            <ns3:name>UIBK</ns3:name>
            <ns3:note>This METS file was generated by Transkribus</ns3:note>
        </ns3:agent>
    </ns3:metsHdr>
    <ns3:amdSec ID="SOURCE">
        <ns3:sourceMD ID="MD_ORIG">
            <ns3:mdWrap ID="TRP_DOC_MD" MDTYPE="OTHER">
                <ns3:xmlData>
                    <trpDocMetadata>
                        <docId>7287891</docId>
                        <title>lassberg-letter-3268</title>
                        <uploadTimestamp>1741357639915</uploadTimestamp>
                        <uploader>michael.schonhardt@googlemail.com</uploader>
                        <uploaderId>19940</uploaderId>
                        <nrOfPages>4</nrOfPages>
                        <pageId>93120250</pageId>
                        <url>https://files.transkribus.eu/Get?fileType=view&amp;id=XTSXLZGWFRUPBEMOVCYRJTLI</url>
                        <thumbUrl>https://files.transkribus.eu/Get?fileType=thumb&amp;id=XTSXLZGWFRUPBEMOVCYRJTLI</thumbUrl>
                        <externalId>https://digital.blb-karlsruhe.de/i3f/v20/8042930/manifest</externalId>
                        <authority>NA</authority>
                        <status>0</status>
                        <fimgStoreColl>TrpDoc_DEA_7287151</fimgStoreColl>
                        <localFolder>/mnt/transkribus/export/TRP_EXPORT_1144086274632946512/7287891/lassberg-letter-3268</localFolder>
                        <origDocId>7287151</origDocId>
                        <collectionList>
                            <colList>
<colId>36479</colId>
<colName>Lassberg</colName>
<description>created by michael.schonhardt@googlemail.com</description>
<crowdsourcing>false</crowdsourcing>
<elearning>false</elearning>
<nrOfDocuments>0</nrOfDocuments>
<isFavorite>false</isFavorite>
                            </colList>
                        </collectionList>
                        <mainColId>36479</mainColId>
                    </trpDocMetadata>
                </ns3:xmlData>
            </ns3:mdWrap>
        </ns3:sourceMD>
    </ns3:amdSec>
    <ns3:fileSec>
        <ns3:fileGrp ID="MASTER">
            <ns3:fileGrp ID="PAGEXML">
                <ns3:file ID="PAGEXML_1" SEQ="1" MIMETYPE="application/xml" CREATED="2025-03-18T13:43:37.099+01:00" CHECKSUM="45d12b8752dab3c0a3241e8c1557ddc2" CHECKSUMTYPE="MD5">
                    <ns3:FLocat LOCTYPE="OTHER" OTHERLOCTYPE="FILE" ns2:type="simple" ns2:href="page/00003.xml"/>
                </ns3:file>
                <ns3:file ID="PAGEXML_2" SEQ="2" MIMETYPE="application/xml" CREATED="2025-03-18T13:43:37.119+01:00" CHECKSUM="b5caa371c6f9274d436966787e84046b" CHECKSUMTYPE="MD5">
                    <ns3:FLocat LOCTYPE="OTHER" OTHERLOCTYPE="FILE" ns2:type="simple" ns2:href="page/00004.xml"/>
                </ns3:file>
                <ns3:file ID="PAGEXML_3" SEQ="3" MIMETYPE="application/xml" CREATED="2025-03-18T13:43:37.135+01:00" CHECKSUM="116c9ca44503b3730d1c0d866a3ee25d" CHECKSUMTYPE="MD5">
                    <ns3:FLocat LOCTYPE="OTHER" OTHERLOCTYPE="FILE" ns2:type="simple" ns2:href="page/00005.xml"/>
                </ns3:file>
                <ns3:file ID="PAGEXML_4" SEQ="4" MIMETYPE="application/xml" CREATED="2025-03-18T13:43:37.159+01:00" CHECKSUM="f23ec7368dc8981282dba5c490d89e96" CHECKSUMTYPE="MD5">
                    <ns3:FLocat LOCTYPE="OTHER" OTHERLOCTYPE="FILE" ns2:type="simple" ns2:href="page/00006.xml"/>
                </ns3:file>
            </ns3:fileGrp>
        </ns3:fileGrp>
    </ns3:fileSec>
    <ns3:structMap ID="TRP_STRUCTMAP" TYPE="MANUSCRIPT">
        <ns3:div ID="TRP_DOC_DIV" ADMID="MD_ORIG">
            <ns3:div ID="PAGE_1" ORDER="1" TYPE="SINGLE_PAGE">
                <ns3:fptr>
                    <ns3:area FILEID="PAGEXML_1"/>
                </ns3:fptr>
            </ns3:div>
            <ns3:div ID="PAGE_2" ORDER="2" TYPE="SINGLE_PAGE">
                <ns3:fptr>
                    <ns3:area FILEID="PAGEXML_2"/>
                </ns3:fptr>
            </ns3:div>
            <ns3:div ID="PAGE_3" ORDER="3" TYPE="SINGLE_PAGE">
                <ns3:fptr>
                    <ns3:area FILEID="PAGEXML_3"/>
                </ns3:fptr>
            </ns3:div>
            <ns3:div ID="PAGE_4" ORDER="4" TYPE="SINGLE_PAGE">
                <ns3:fptr>
                    <ns3:area FILEID="PAGEXML_4"/>
                </ns3:fptr>
            </ns3:div>
        </ns3:div>
    </ns3:structMap>
</ns3:mets>
